<?xml version="1.0" encoding="UTF-8"?>
<T3locallangExt>
  <data type="array">
    <languageKey index="de" type="array">
      <label index="title">TemplaVoilà</label>
      <label index="templateFile">Vorlagendatei</label>
      <label index="templateObject">Vorlagenobjekt</label>
      <label index="titleXmlConfiguration">XML-Konfiguration</label>
      <label index="titleLoadDSXml">DS-XML laden</label>
      <label index="mappingTitle">TemplaVoilà Vorlagenabbildung</label>
      <label index="mappingNEW">[NEU]</label>
      <label index="mappingHeadParts">Teile des HTML-Kopfs hinzufügen</label>
      <label index="mappingBodyParts">Datenstruktur, die auf die HTML-Vorlage abgebildet werden soll</label>
      <label index="rootDescription">Wählen Sie das HTML-Element der Seite, das Sie als übergeordnetes Container-Element der Vorlage möchten.</label>
      <label index="selectTOrecrdToLoadDSFrom">Wählen Sie einen Vorlagenobjekt-Datensatz, aus dem Datenstruktur und Abbildungsinformationen geladen werden sollen.</label>
      <label index="noDSDefined">Es wurde im Datensatz keine Datenstruktur definiert... (muss Inhalt vom Typ T3DataStructure XML sein)</label>
      <label index="pasteDSXml">Alternativ können Sie das XML der Datenstruktur in dieses Formular einfügen</label>
      <label index="loadDSXml">Datenstruktur laden</label>
      <label index="instrunctions">Anweisungen</label>
      <label index="toBeDefined">zu definieren</label>
      <label index="tabTODetails">Information</label>
      <label index="tabHeadParts">Kopfteile</label>
      <label index="tabBodyParts">Abbildung</label>
      <label index="dsTypes_section">Abschnitt</label>
      <label index="dsTypes_container">Container</label>
      <label index="dsTypes_attribute">Attribut</label>
      <label index="dsTypes_element">Element</label>
      <label index="dsTypes_notmapped">Nicht abgebildet</label>
      <label index="buttonGoBack">Zurück</label>
      <label index="buttonCancel">Abbruch</label>
      <label index="buttonShowXML">XML anzeigen</label>
      <label index="buttonClearAll">Alles entfernen</label>
      <label index="buttonPreview">Vorschau</label>
      <label index="buttonSave">Speichern</label>
      <label index="buttonSaveExit">Speichern und Beenden</label>
      <label index="buttonSaveAs">Speichern unter</label>
      <label index="buttonLoad">Laden</label>
      <label index="buttonRefresh">Erneut laden</label>
      <label index="buttonAdd">Hinzufügen</label>
      <label index="buttonUpdate">Aktualisieren</label>
      <label index="buttonDelete">Löschen</label>
      <label index="buttonCancelClose">Abbruch / Schließen</label>
      <label index="buttonTitle_showXML">Vorschau der aktuell erzeugten Datenstruktur als XML</label>
      <label index="buttonTitle_clearAll">Sämtliche Datenstrukturen und Abbildungsinformationen entfernen</label>
      <label index="buttonTitle_preview">Vorschau der Abbildung der Vorlage</label>
      <label index="buttonTitle_save">In aktuellem VO und DS speichern</label>
      <label index="buttonTitle_saveExit">In aktuellem VO und DS speichern und zur Übersicht zurück</label>
      <label index="buttonTitle_saveAs">Zum Menü Speichern</label>
      <label index="buttonTitle_load">Zum Menü Laden</label>
      <label index="buttonTitle_refresh">Bildschirmdarstellung erneuern</label>
      <label index="buttonSet">Festlegen</label>
      <label index="buttonSetTitle">Aktualisiert die Sitzungsdaten mit den aktuellen Einstellungen.</label>
      <label index="buttonClearAllMappingTitle">Entfernt alle derzeit festgelegten Abbildungsinformationen.</label>
      <label index="buttonPreviewMappingTitle">Fügt entsprechend der aktuellen Abbildung Beispielinhalte in die Vorlage ein.</label>
      <label index="buttonSaveTOTitle">Speichern aller Abbildungsdaten im Vorlagenobjekt.</label>
      <label index="buttonSaveAndReturn">Speichern und zurück</label>
      <label index="buttonSaveAndReturnTitle">Speichern aller Abbildungsdaten im Vorlagenobjekt und zurück.</label>
      <label index="buttonRevert">Rückgängig machen</label>
      <label index="buttonRevertTitle">Abbildungsdaten %s auf die ursprünglichen Daten im Vorlagenobjekt zurücksetzen.</label>
      <label index="createDSTO">Datenstruktur / Vorlagenobjekt ERSTELLEN</label>
      <label index="updateDSTO">Vorhandene Datenstruktur / Vorlagenobjekt AKTUALISIEREN</label>
      <label index="updateDSTOshort">VO (und DS) AKTUALISIEREN</label>
      <label index="saveDSTOconfirm">Den derzeitigen Inhalt dieser Datensätze tatsächlich überschreiben?\nDiese Funktion dient der Erstellung neuer Datenstrukturen, die noch nicht von Hand bearbeitet wurden.</label>
      <label index="createDSTOshort">DS / VO ERSTELLEN</label>
      <label index="titleDSTO">Titel DS/VO</label>
      <label index="templateType">Vorlagentyp</label>
      <label index="pageTemplate">Seitenvorlage</label>
      <label index="contentElement">Inhaltselement</label>
      <label index="undefined">Nicht definiert</label>
      <label index="storeInPID">In PID speichern</label>
      <label index="selectTO">VO auswählen</label>
      <label index="buildingDS">Erstellen der Datenstruktur</label>
      <label index="renderDSO_dataStructure">Datenstruktur im Datensatz</label>
      <label index="renderDSO_dataElement">Datenelement</label>
      <label index="renderDSO_mappingInstructions">Anweisung zur Abbildung</label>
      <label index="renderDSO_rules">Regeln</label>
      <label index="renderDSO_uid">Uid</label>
      <label index="renderDSO_title">Titel</label>
      <label index="renderDSO_fileRef">Verweis auf Datei</label>
      <label index="renderDSO_dataLgd">Lgd Abbildungsdaten</label>
      <label index="renderDSO_usedTO">Vorlagenobjekt, die diese Datenstruktur verwenden</label>
      <label index="renderDSO_XML">Datenstruktur XML</label>
      <label index="renderDSO_DSO">Datenstrukturobjekt</label>
      <label index="renderDSO_noUid">Es wurde keine UID gefunden, die auf ein Datenstrukturobjekt verweist.</label>
      <label index="renderDSO_notFound">(NICHT GEFUNDEN)</label>
      <label index="all">(ALLE)</label>
      <label index="renderTO_toDetails">Details Vorlagenobjekt</label>
      <label index="renderTO_dsRecord">Datensatz Datenstruktur</label>
      <label index="renderTO_updateWarningConfirm">Warnung: Es sollten nur Datenstrukturen und Vorlagenobjekte modifiziert werden, die nicht von Hand bearbeitet wurden.\nAndernfalls besteht die Gefahr, dass die von Hand vorgenommenen Änderungen ohne weiteren Hinweis verloren gehen!</label>
      <label index="renderTO_editDSTO">DS / VO modifizieren</label>
      <label index="renderTO_dsFile">Datenstrukturdatei</label>
      <label index="renderTO_toInfo">Vorlagenobjektinformation</label>
      <label index="rootMultiTemplate_title">Wurzel für Mehrfachvorlage</label>
      <label index="rootMultiTemplate_description">Den Wurzel-Container für dieses Vorlagenprojekt auswählen. Wahrscheinlich ist der body-Tag oder ein anderes HTML-Element auszuwählen, das ALLE Untervorlagen umschließt.</label>
      <label index="msgMappingIsDifferent">Die aktuellen Abbildungsinformationen weichen von den Abbildungsinformationen im Vorlagenobjekt ab</label>
      <label index="msgDSTOSaved">Datenstruktur (UID %s) und Vorlagendatensatz (UID %s) wurden unter PID %s gespeichert</label>
      <label index="msgDSTOUpdated">Datenstruktur (UID %s) und Vorlagendatensatz (UID %s) wurden aktualisiert</label>
      <label index="msgMappingSaved">Abbildungsinformationen wurden im aktuellen Vorlagenobjekt gespeichert!</label>
      <label index="msgHeaderSet">Nach der Änderung von Teilen des Headers "Festlegen" drücken!</label>
      <label index="include">Einschließen</label>
      <label index="tag">Tag</label>
      <label index="tagContent">Tag-Inhalt</label>
      <label index="mapDataElement">Datenelement</label>
      <label index="mapField">Feld</label>
      <label index="mapInstructions">Anweisungen Abbildung</label>
      <label index="mapSampleData">Beispieldaten</label>
      <label index="mapElementPreset">Voreinstellungen Element</label>
      <label index="mapHTMLpath">HTML-Pfad</label>
      <label index="mapAction">Aktion</label>
      <label index="mapRules">Regeln</label>
      <label index="mapEdit">Bearbeiten</label>
      <label index="mapMappingWindow">Abbildungsfenster</label>
      <label index="mapPreviewInfo">Vorschau der in die abgebildeten Tags eingefügten Beispieldaten</label>
      <label index="mapDSelement">Abbildung Datenelement</label>
      <label index="mapLimitToTags">Einschränken auf Tags</label>
      <label index="mapWarningElementChange">Durch Änderung des Elementtyps ändern sich die vorhandenen Einstellungen!</label>
      <label index="displayDSTitleTranslated">Der Titel ist übersetzt!</label>
      <label index="displayDSContentFound">Inhalt gefunden (%s Zeichen)</label>
      <label index="displayDSContentEmpty">Inhalt leer.</label>
      <label index="buttonRemap">Erneut abbilden</label>
      <label index="buttonRemapTitle">Dieses DS-Element auf ein anderes HTML-Element in der Vorlagendatei abbilden.</label>
      <label index="buttonChangeMode">Modus ändern</label>
      <label index="buttonChangeModeTitle">Den Abbildungsmodus ändern, z.B. von INNEN nach AUSSEN usw.</label>
      <label index="msgNoContentFound">Kein Inhalt gefunden!</label>
      <label index="msgHowToMap">Zum Abbilden dieses Elements im unteren Fenster ein Tag-Symbol anklicken.</label>
      <label index="buttonMap">Abbilden</label>
      <label index="editEntry">Eintrag bearbeiten</label>
      <label index="deleteEntry">Eintrag LÖSCHEN</label>
      <label index="confirmDeleteEntry">Diesen Eintrag der Datenstruktur tatsächlich löschen?</label>
      <label index="noSampleData">Keine Beispieldaten</label>
      <label index="mapEnterNewFieldname">Neuen Feldnamen eingeben</label>
      <label index="mapPresets_plainInput">Einfaches Eingabefeld</label>
      <label index="mapPresets_headerField">Überschriftenfeld</label>
      <label index="mapPresets_gHederField">Überschriftenfeld, grafisch</label>
      <label index="mapPresets_textarea">Textbereich für Textinhalt</label>
      <label index="mapPresets_rte">Rich-Text-Editor für Textinhalt</label>
      <label index="mapPresets_linkField">Linkfeld</label>
      <label index="mapPresets_integer">Ganzzahliger Wert</label>
      <label index="mapPresets_imageFixed">Bildfeld, feste B+H</label>
      <label index="mapPresets_select">Auswahlliste</label>
      <label index="mapPresets_check">Markierungsfeld</label>
      <label index="mapPresets_image">Bildfeld</label>
      <label index="mapPresets_ce">Seite - Inhaltselemente [Pos.: %s]</label>
      <label index="mapPresets_TSobjectPath">TypoScript-Objektpfad</label>
      <label index="mapPresets_none">Keine (nur TypoScript)</label>
      <label index="mapPresets_customTCA">Benutzerdefinierte Formularkonfiguration (keine Voreinstellung)</label>
      <label index="mapPresetGroups_tceFields">Formularfelder</label>
      <label index="mapPresetGroups_ts">TypoScript-Elemente</label>
      <label index="mapPresetGroups_other">Andere</label>
      <label index="mapTSconstants">TypoScript-Konstanten</label>
      <label index="mapTScode">TypoScript-Code</label>
      <label index="mapExtraOptions">Zusatzoptionen</label>
      <label index="mapPostProcesses">Angewendete Nachberarbeitung</label>
      <label index="mapEnablePreview">Datenvorschau in Seitenmodul aktivieren</label>
      <label index="mapEnablePreview.enable">Aktivieren</label>
      <label index="mapEnablePreview.disable">Deaktivieren</label>
      <label index="mapPPcastInteger">Inhalt in Ganzzahl umwandeln</label>
      <label index="mapPPhsc">Inhalt mit htmlSpecialChars behandeln</label>
      <label index="mapCustomStdWrap">Benutzerdefiniertes stdWrap</label>
      <label index="mapTCElabel">Formularbezeichnung</label>
      <label index="mapTCEconf">Formularkonfiguration</label>
      <label index="mapTCEextras">Formularzusätze</label>
      <label index="mapElContainers">Container</label>
      <label index="mapElElements">Elemente</label>
      <label index="mapSection">Abschnitt von Elementen</label>
      <label index="mapContainer">Container für Elemente</label>
      <label index="mapElement">Element</label>
      <label index="mapAttribute">Attribut</label>
      <label index="mapNotMapped">Nicht abgebildet</label>
      <label index="mapConfiguration">Konfiguration</label>
      <label index="mapEditConfiguration">Allgemeine Konfiguration bearbeiten</label>
      <label index="mapDataProcessing">Datenverarbeitung</label>
      <label index="mapEditDataProcessing">Modifikationen für Datenverarbeitung bearbeiten</label>
      <label index="mapTyposcript">TypoScript</label>
      <label index="mapEditTyposcript">TypoScript bearbeiten</label>
      <label index="mapExtra">Zusatz</label>
      <label index="mapEditExtra">Zusatzoptionen bearbeiten</label>
      <label index="mapTCEform">Formular</label>
      <label index="mapEditTCEform">Formularkonfiguration bearbeiten</label>
      <label index="mapObjectPath">Objektpfad</label>
      <label index="mapOldStyleColumnNumber">Frühere Spaltennummer</label>
      <label index="mapOldStyleColumnNumber_label">Spaltennummer (0 = Normal, 1 = Links, 2 = Rechts, 3 = Rand)</label>
      <label index="mapEnableDragDrop">Ziehen und Übergeben für diesen Container aktivieren</label>
      <label index="errorNoContentInFile">Kein Inhalt in Dateiverweis gefunden</label>
      <label index="errorNoFileToDisplay">Keine anzuzeigende Datei</label>
      <label index="error">Fehler</label>
      <label index="errorNoStorageFolder">Kein zugänglicher Speicherordner (Storage Folder) gefunden - bitte sofort einen anlegen!</label>
      <label index="errorTONotSaved">Es wurde kein Vorlagenobjekt erzeugt, obwohl die Datenstruktur (UID %s) erzeugt wurde!</label>
      <label index="errorTONotCreated">Keine Datenstruktur erzeugt!</label>
      <label index="errorNoUidFound">Es wurde keine UID gefunden, die auf einen Vorlagenobjekt-Datensatz verweist.</label>
      <label index="errorNoDSrecord">FEHLER: Kein Datenstrukturdatensatz mit der UID %s vorhanden</label>
      <label index="errorInDSO">FEHLER Datenstrukturobjekt</label>
      <label index="errorNoDSfound">Es konnte kein Datensatz mit einer Datenstruktur mit der UID "%s" gefunden werden!</label>
      <label index="errorFileNotFound">Die Datei "%s" konnte nicht gefunden werden!</label>
      <label index="errorNoTOfound">Kein Datensatz eines Vorlagenobjekts mit der UID "%s"!</label>
      <label index="errorNoToTitleDefined">Kein "Titel" definiert.  DS / VO kann nicht gespeichert werden.</label>
      <label index="validateTpl">Templatedatei validieren (über validator.w3c.org)</label>
    </languageKey>
  </data>
</T3locallangExt>
