<?xml version="1.0" encoding="UTF-8"?>
<T3locallangExt>
  <data type="array">
    <languageKey index="de" type="array">
      <label index="title">MODUL WEB &gt; SEITE</label>
      <label index="default_introduction">Wenn Sie den Inhalt einer Seite bearbeiten möchten, klicken Sie bitte im Seitenbaum auf der linken Seite auf einen Seitentitel.</label>
      <label index="csh_whatisthetemplavoilapagemodule">Was ist das TemplaVoilà-Seitenmodul?</label>
      <label index="createnewpage_selecttemplate">Vorlage für die neue Seite auswählen:</label>
      <label index="createnewpage_defaultlayoutsubmitlabel">Neue Seite mit Standardlayout erstellen</label>
      <label index="createnewpage_templateobject_createemptypage">Eine leere Seite basierend auf folgender Vorlage erstellen:</label>
      <label index="createnewpage_templateobject_createpagewithdefaultcontent">Eine Seite mit vorausgefülltem Inhalt, basierend auf folgender Vorlage erstellen:</label>
      <label index="createnewcontent_newContentElement">Neues Inhaltselement</label>
      <label index="info_elementfromotherpage">Dies ist eine Referenz zu einem Element auf Seite %2$d.</label>
      <label index="warning_elementusedmorethanonce">Dieses Element wird auf der aktuellen Seite %s mal verwendet! ID:%s</label>
      <label index="warning_containerSeparate">ACHTUNG: Für dieses Container-Element wurde Lokalisierung ohne Vererbung aktiviert (langChildren = 0). Dabei handelt es sich vermutlich um eine Fehlkonfiguration, weil die Standardoberfläche von TemplaVoilà die Darstellung lokalisierter Container-Felder nicht unterstützt! Bitte informieren Sie den Systemadministrator!</label>
      <label index="warning_containerInheritance">Für dieses Container-Element wurde Lokalisierung mit Vererbung aktiviert (langChildren = 1). Diese Konfiguration kann zu verwirrenden Darstellungen in TemplaVoilà führen, und es wird empfohlen, die Lokalisierung für dieses Container-Element komplett auszuschalten, indem Sie langDisable auf "1" setzen. Bitte informieren Sie den Systemadministrator.</label>
      <label index="warning_containerSeparate_short">Übersetzungsmodus: Separat!</label>
      <label index="warning_containerInheritance_short">Übersetzungsmodus: Vererbung</label>
      <label index="cannotedit_doktypemountpoint">Diese Seite dient als Freigabe und ihr Inhalt wird durch den einer anderen Seite ("%s") ersetzt. Sie können den Inhalt dieser Seite daher nicht direkt bearbeiten.</label>
      <label index="jumptomountsourcepage">Springe zur Ursprungsseite für diese Freigabe</label>
      <label index="cannotedit_contentfrompid">Diese Seite wurde so konfiguriert, dass sie selbst keine Inhalte enthält, sondern stattdessen die Inhalte einer anderen Seite ("%s") anzeigt. Daher können Sie den Inhalt dieser Seite nicht direkt bearbeiten.</label>
      <label index="jumptocontentfrompidpage">Springe zur Seite, die die Inhaltselemente enthält</label>
      <label index="cannotedit_shortcut_0">Diese Seite ist vom Typ "Verweis" und enthält keinen eigenen Inhaltselemente. Stattdessen wird der Inhalt der Seite "%s" angezeigt. Daher können Sie den Inhalt dieser Seite nicht direkt bearbeiten.</label>
      <label index="cannotedit_shortcut_1">Diese Seite ist vom Typ "Verweis" und enthält keinen eigenen Inhaltselemente. Stattdessen wird der Inhalt der ersten Unterseite angezeigt. Daher können Sie den Inhalt dieser Seite nicht direkt bearbeiten.</label>
      <label index="cannotedit_shortcut_2">Diese Seite ist vom Typ "Verweis" und enthält keinen eigenen Inhaltselemente. Stattdessen wird der Inhalt einer zufälligen Unterseite angezeigt. Daher können Sie den Inhalt dieser Seite nicht direkt bearbeiten.</label>
      <label index="jumptoshortcutdestination">Springe zum Ziel des Verweises</label>
      <label index="cannotedit_externalurl_1">Diese Seite verweist auf eine externe Web-Site. Daher können Sie den Inhalt dieser Seite nicht direkt bearbeiten.</label>
      <label index="cannotedit_externalurl_2">Diese Seite verweist auf einen FTP-Server. Daher können Sie den Inhalt dieser Seite nicht direkt bearbeiten.</label>
      <label index="cannotedit_externalurl_3">Diese Seite verweist auf eine E-Mail-Adresse. Daher können Sie den Inhalt dieser Seite nicht direkt bearbeiten.</label>
      <label index="jumptoexternalurl">Zu externer URL springen (%s)</label>
      <label index="editpage_sysfolder_intro">Die aktuelle Seite ist vom Typ "Systemordner". Systemordner enthalten üblicherweise keine Inhaltselemente, sondern werden zur Ablage anderer Arten von Datensätzen verwendet.</label>
      <label index="editpage_sysfolder_listview_noaccess">Der Inhalt eines Systemordners wird normalerweise über das Modul "Liste" verwaltet. Zur Zeit haben Sie jedoch keinen Zugriff auf dieses Modul. Wenn Sie dennoch auf die Daten in diesem Systemordner zugreifen möchten, bitten Sie Ihren Systemadministrator, Ihnen Zugriff auf das Modul "Liste" zu gewähren.</label>
      <label index="editpage_sysfolder_switchtolistview">Zur Listenansicht wechseln</label>
      <label index="template_nodescriptionavailable">Keine Beschreibung verfügbar.</label>
      <label index="template_titledefault">Standardvorlage</label>
      <label index="template_titleInherit">Keine Auswahl (Vererbung)</label>
      <label index="willbereplacedbydefaultlanguage">(wird durch Inhalt der Standardsprache ersetzt)</label>
      <label index="newce_defaulttext_text">Bitte geben Sie hier Text ein</label>
      <label index="view_basic">Standardansicht</label>
      <label index="view_tree">Baumstruktur</label>
      <label index="createnewtranslation">Neue Seitenübersetzung anlegen</label>
      <label index="selectlanguageversion">Ausgewählte Sprache</label>
      <label index="pageLocalizationMode">Übersetzungsmodus der Seite</label>
      <label index="pageLocalizationMode_separate">Separate Strukturen</label>
      <label index="pageLocalizationMode_inheritance">Vererbung der Werte</label>
      <label index="pageLocalizationMode_inheritance.disableInheritance">Struktur nicht vererben</label>
      <label index="pageLocalizationParadigm_bound">1:1</label>
      <label index="pageLocalizationDisplayMode">Darstellungsmodus</label>
      <label index="pageLocalizationDisplayMode_selectedLanguage">Ausgewählte Sprache</label>
      <label index="pageLocalizationDisplayMode_onlyLocalized">Nur übersetzte Elemente</label>
      <label index="clickToEditTranslation">Zum Bearbeiten der Übersetzung klicken</label>
      <label index="editlanguageversion">Seiteneigenschaften bearbeiten</label>
      <label index="multipleLanguages">Mehrere Sprachen</label>
      <label index="languageDisabled">Sprache deaktiviert</label>
      <label index="viewsubelements">Unterelemente anzeigen</label>
      <label index="gobacktooverview">Zurück zur Ansicht der ganzen Seite</label>
      <label index="createnewrecord">Neues Element anlegen</label>
      <label index="editrecord">Element bearbeiten</label>
      <label index="editrecord_d">Bearbeiten dieses Elements ist nicht erlaubt!</label>
      <label index="pasterecord">Element einfügen</label>
      <label index="pastefce_andcopyallsubs">Kopie des Elements mit Kopien aller Unterelemente einfügen</label>
      <label index="pastefce_andreferencesubs">Kopie des Elements mit Verknüpfung zu den ursprünglichen Unterelementen einfügen</label>
      <label index="copyrecord">Element kopieren</label>
      <label index="cutrecord">Element ausschneiden</label>
      <label index="createreference">Verknüpfung erstellen</label>
      <label index="unlinkRecord">Verknüpfung entfernen</label>
      <label index="deleteRecord">Element löschen(!)</label>
      <label index="deleteRecordMsg">Dieses Element tatsächlich löschen?</label>
      <label index="deleteRecordWithReferencesMsg">Auf dieses Element wird auf anderen Seiten verwiesen. Dieses Element tatsächlich löschen?</label>
      <label index="unlinkRecordMsg">Verknüpfung für diese Element lösen?</label>
      <label index="pagerelatedinformation">Seitenbezogene Informationen</label>
      <label index="advancedfunctions">Erweiterte Funktionen</label>
      <label index="localization">Übersetzungen</label>
      <label index="availabletranslations">Übersetzungen</label>
      <label index="versioning">Versionierung</label>
      <label index="nonusedelements">Nicht verwendete Elemente</label>
      <label index="makeLocal">Lokale Kopie erstellen</label>
      <label index="makeLocalMsg">Eine lokale Kopie dieses verknüpften Elements erstellen?</label>
      <label index="performTranslation">Klicken um FlexForm zu übersetzen</label>
      <label index="path">Pfad</label>
      <label index="defaultLanguage">Standardsprache</label>
      <label index="createcopyfortranslation">Kopie für Übersetzung erstellen</label>
      <label index="inititemno_elementsNotBeingUsed">Elemente, die in diesem Blatt oder Sprache nicht verwendet werden</label>
      <label index="rendernonusedelements_deleteall">Alle obigen mit einem Löschen-Symbol gekennzeichneten Datensätze löschen</label>
      <label index="renderreferencecount_delete">Löschen!</label>
      <label index="sidebar_advancedfunctions_labelshowhidden">Verborgene Elemente anzeigen</label>
      <label index="sidebar_advancedfunctions_labelshowoutline">Listendarstellung anzeigen</label>
      <label index="sidebar_advancedfunctions_labelcachefunctions">Cache-Funktionen</label>
      <label index="sidebar_renderitem_showtranslationinformation">Übersetzungsinformationen anzeigen</label>
      <label index="sidebar_versionSelector">Versionierung</label>
      <label index="sidebar_versionSelector_createVersion">Version dieser Seite erstellen</label>
      <label index="outline_header_title">Titel:</label>
      <label index="outline_header_controls">Bedienungselemente:</label>
      <label index="outline_header_status">Status:</label>
      <label index="outline_header_element">Element:</label>
      <label index="outline_status_dirty">Zum Bereinigen des XML klicken...</label>
      <label index="outline_status_clean">XML ist sauber.</label>
      <label index="outline_status_cleanAll">XML um alle obigen Elemente bereinigen!</label>
      <label index="element_localizations">Übersetzungen</label>
      <label index="records">Andere Elemente (Nicht-Inhalt)</label>
      <label index="displayRecordsFrom">Elemente anzeigen von:</label>
      <label index="content_from_pid_title">Seite verwendet Inhalt dieser Seite: %s</label>
      <label index="missing_edit_right">Die Benutzereinstellungen erlauben kein Erzeugen, Verschieben oder Entfernen von Elementen auf dieser Seite.</label>
      <label index="missing_edit_right_detail">Die Benutzereinstellungen deuten darauf hin, dass das allgemeine Recht zur Bearbeitung von Seiteninhalten nicht vorliegt, die benötigten Tabellen oder die Inhaltsfelder nicht bearbeitet werden dürfen. Bitte Einstellungen prüfen und ggf. mit dem Administrator Kontakt aufnehmen.</label>
      <label index="maximal_content_elements">Höchstanzahl von %d Inhaltselementen im Feld "%s" erreicht.</label>
    </languageKey>
  </data>
</T3locallangExt>
