<?xml version="1.0" encoding="UTF-8"?>
<T3locallangExt>
  <data type="array">
    <languageKey index="de" type="array">
      <label index="tx_templavoila_ds.description">Wählen Sie eine Datenstruktur für dieses flexible Inhaltselement.</label>
      <label index="tx_templavoila_to.description">Wählen Sie ein Template-Objekt, welches automatisch die Datenstruktur auf das HTML-Template abbildet.</label>
      <label index="tx_templavoila_flex.description">Geben Sie den flexiblen Inhalt für diese Inhaltselement-Struktur ein.</label>
      <label index="tx_templavoila_pito.description"/>
    </languageKey>
  </data>
</T3locallangExt>
