<?xml version="1.0" encoding="UTF-8"?>
<T3locallangExt>
  <data type="array">
    <languageKey index="de" type="array">
      <label index="tx_templavoila_ds.description">Wählen Sie die Art (Struktur) der Seite, die Sie erstellen möchten. Das grundlegende Layout der Seite können Sie in einem Vorschaubild unter dem Auswahlfeld erkennen.</label>
      <label index="tx_templavoila_next_ds.description">Wählen Sie eine alternative Seitenstruktur, die für die Unterseiten gilt.</label>
      <label index="tx_templavoila_next_ds.details">Unterseiten verwenden normalerweise dieselbe Struktur, die für eine darüberliegende Seite ausgewählt wurde. Wenn Sie möchten, können Sie hier für die Unterseiten eine abweichende Struktur festlegen.</label>
      <label index="tx_templavoila_to.description">Wählen Sie das Vorlagenlayout zur gewählten "Seitenstruktur" dieser Seite.</label>
      <label index="tx_templavoila_next_to.description">Wählen Sie ein abweichendes Vorlagenlayout zur gewählten "Seitenstruktur" für alle Unterseiten.</label>
      <label index="tx_templavoila_flex.description">Wählen Sie den Inhalt und / oder die flexiblen Inhaltselemente der Seite.</label>
      <label index="tx_templavoila_flex.details">Üblicherweise zeigen diese Felder die Inhaltstypen, welche in der ausgewählten Datenstruktur definiert wurden. Bei der Verwendung einfacher Inhaltselemente werden diese Felder automatisch durch das Seitenmodul angepasst sobald Inhalte hinzugefügt werden.</label>
    </languageKey>
  </data>
</T3locallangExt>
