<?xml version="1.0" encoding="UTF-8"?>
<T3locallangExt>
  <data type="array">
    <languageKey index="de" type="array">
      <label index="tx_templavoila_tmplobj">TemplaVoilà-Vorlagenobjekt</label>
      <label index="tx_templavoila_tmplobj.title">Titel:</label>
      <label index="tx_templavoila_tmplobj.datastructure">Datenstruktur:</label>
      <label index="tx_templavoila_tmplobj.fileref">Dateireferenz:</label>
      <label index="tx_templavoila_tmplobj.belayout">Vorlagendatei BE-Layout:</label>
      <label index="tx_templavoila_tmplobj.previewicon">Vorschaubild (GIF oder PNG in 1:1 Größe):</label>
      <label index="tx_templavoila_tmplobj.description">Beschreibung der Vorlage:</label>
      <label index="tx_templavoila_tmplobj.ds_createnew">Neue Datenstruktur erzeugen!</label>
      <label index="tx_templavoila_tmplobj.rendertype">Darstellungsart auswählen:</label>
      <label index="tx_templavoila_tmplobj.rendertype.I.0">Standardausgabe</label>
      <label index="tx_templavoila_tmplobj.rendertype.I.1">Druckerfreundlich</label>
      <label index="tx_templavoila_tmplobj.parent">Als Untervorlage definieren von:</label>
      <label index="tx_templavoila_tmplobj.rendertype_ref">Standarduntervorlagen erben von:</label>
      <label index="tx_templavoila_tmplobj.localProc">Lokale Verarbeitung (XML):</label>
      <label index="be_groups.tx_templavoila_access">Zugriff auf TemplaVoilà-Objekt verbieten:</label>
      <label index="tx_templavoila_datastructure">TemplaVoilà-Datenstruktur</label>
      <label index="tx_templavoila_datastructure.title">Titel:</label>
      <label index="tx_templavoila_datastructure.dataprot">XML der Datenstruktur:</label>
      <label index="tx_templavoila_datastructure.scope">Kategorie:</label>
      <label index="tx_templavoila_datastructure.scope.I.1">Seitenvorlage</label>
      <label index="tx_templavoila_datastructure.scope.I.2">Flexibles Inhaltselement</label>
      <label index="tt_content.tx_templavoila_ds">Datenstruktur:</label>
      <label index="tt_content.tx_templavoila_to">Vorlagenobjekt:</label>
      <label index="tt_content.tx_templavoila_pito">Vorlagenobjekt für Erweiterung:</label>
      <label index="tt_content.tx_templavoila_flex">Inhalt:</label>
      <label index="tt_content.CType_pi1">Flexibler Inhalt</label>
      <label index="pages.tx_templavoila_ds">Seitenvorlagenstruktur:</label>
      <label index="pages.tx_templavoila_to">Vorlagen-Design benutzen:</label>
      <label index="pages.tx_templavoila_next_ds">Unterseiten - Seitenvorlagenstruktur:</label>
      <label index="pages.tx_templavoila_next_to">Unterseiten - Vorlagen-Design benutzen:</label>
      <label index="pages.tx_templavoila_flex">Inhalt:</label>
    </languageKey>
  </data>
</T3locallangExt>
